{
  "cities": [
    {
      "cityName": "Brisbane",
      "country": "Australia",
      "emoji": "🇦🇺",
      "date": "2024-10-22T01:28:47.046Z",
      "notes": "",
      "position": {
        "lat": "-27.74075817403981",
        "lng": "152.8162914472647"
      },
      "id": 98443204
    },
    {
      "cityName": "Madrid",
      "country": "Spain",
      "emoji": "🇪🇸",
      "date": "2024-10-22T06:37:02.402Z",
      "notes": "",
      "position": {
        "lat": "40.3318666736409",
        "lng": "-3.6694309416001407"
      },
      "id": 98443205
    },
    {
      "cityName": "Saint-Symphorien",
      "country": "France",
      "emoji": "🇫🇷",
      "date": "2024-10-23T07:28:05.268Z",
      "notes": "hi",
      "position": {
        "lat": "46.79827429304586",
        "lng": "2.3027094679771802"
      },
      "id": 98443206
    }
  ]
}